<?xml version="1.0" encoding="UTF-8"?>
<config xmlns="http://www.knime.org/2008/09/XMLConfig" xmlns:xsi="http://www.w3.org/2001/XMLSchema-instance" xsi:schemaLocation="http://www.knime.org/2008/09/XMLConfig http://www.knime.org/XMLConfig_2008_09.xsd" key="settings.xml">
<entry key="name" type="xstring" value="Bar Chart (JFreeChart)"/>
<config key="model">
<config key="graph_title_Internals">
<entry key="SettingsModelID" type="xstring" value="SMN_string_disact"/>
<entry key="EnabledStatus" type="xboolean" value="true"/>
</config>
<entry key="graph_title" type="xstring" value="Title"/>
<entry key="graph_title_BOOL" type="xboolean" value="false"/>
<config key="graph_height_Internals">
<entry key="SettingsModelID" type="xstring" value="SMID_integer"/>
<entry key="EnabledStatus" type="xboolean" value="true"/>
</config>
<entry key="graph_height" type="xint" value="600"/>
<config key="graph_width_Internals">
<entry key="SettingsModelID" type="xstring" value="SMID_integer"/>
<entry key="EnabledStatus" type="xboolean" value="true"/>
</config>
<entry key="graph_width" type="xint" value="400"/>
<config key="CFG_TYPE_IMAGE_Internals">
<entry key="SettingsModelID" type="xstring" value="SMID_string"/>
<entry key="EnabledStatus" type="xboolean" value="true"/>
</config>
<entry key="CFG_TYPE_IMAGE" type="xstring" value="PNG"/>
<config key="CFG_SHOW_HISTORY_Internals">
<entry key="SettingsModelID" type="xstring" value="SMID_boolean"/>
<entry key="EnabledStatus" type="xboolean" value="true"/>
</config>
<entry key="CFG_SHOW_HISTORY" type="xboolean" value="false"/>
<config key="CFG_X_LABEL_Internals">
<entry key="SettingsModelID" type="xstring" value="SMN_string_disact"/>
<entry key="EnabledStatus" type="xboolean" value="true"/>
</config>
<entry key="CFG_X_LABEL" type="xstring" value="value"/>
<entry key="CFG_X_LABEL_BOOL" type="xboolean" value="false"/>
<config key="CFG_Y_LABEL_Internals">
<entry key="SettingsModelID" type="xstring" value="SMN_string_disact"/>
<entry key="EnabledStatus" type="xboolean" value="true"/>
</config>
<entry key="CFG_Y_LABEL" type="xstring" value="No. of occurrences in column"/>
<entry key="CFG_Y_LABEL_BOOL" type="xboolean" value="true"/>
<config key="range_Internals">
<entry key="SettingsModelID" type="xstring" value="SMID_double"/>
<entry key="EnabledStatus" type="xboolean" value="true"/>
</config>
<entry key="range" type="xdouble" value="0.0"/>
<config key="CFG_X_COLUMNS_Internals">
<entry key="SettingsModelID" type="xstring" value="SMID_filterString"/>
<entry key="EnabledStatus" type="xboolean" value="true"/>
</config>
<config key="CFG_X_COLUMNS">
<config key="InclList">
<entry key="array-size" type="xint" value="1"/>
<entry key="0" type="xstring" value="nr.doors"/>
</config>
<config key="ExclList">
<entry key="array-size" type="xint" value="2"/>
<entry key="0" type="xstring" value="make"/>
<entry key="1" type="xstring" value="aspiration"/>
</config>
<entry key="keep_all_columns_selected" type="xboolean" value="false"/>
</config>
<config key="CFG_Color_Internals">
<entry key="SettingsModelID" type="xstring" value="SMID_color"/>
<entry key="EnabledStatus" type="xboolean" value="true"/>
</config>
<config key="CFG_Color">
<entry key="Red" type="xint" value="255"/>
<entry key="Green" type="xint" value="175"/>
<entry key="Blue" type="xint" value="175"/>
<entry key="Alpha" type="xint" value="255"/>
</config>
</config>
<entry key="hasContent" type="xboolean" value="false"/>
<entry key="isInactive" type="xboolean" value="false"/>
<config key="ports">
<config key="port_1">
<entry key="index" type="xint" value="1"/>
<entry key="port_dir_location" type="xstring" isnull="true" value=""/>
</config>
</config>
<config key="filestores">
<entry key="file_store_location" type="xstring" isnull="true" value=""/>
<entry key="file_store_id" type="xstring" isnull="true" value=""/>
</config>
</config>
