<?xml version="1.0" encoding="UTF-8"?>
<config xmlns="http://www.knime.org/2008/09/XMLConfig" xmlns:xsi="http://www.w3.org/2001/XMLSchema-instance" xsi:schemaLocation="http://www.knime.org/2008/09/XMLConfig http://www.knime.org/XMLConfig_2008_09.xsd" key="settings.xml">
<entry key="name" type="xstring" value="XPath"/>
<config key="model">
<entry key="inputColumn" type="xstring" value="ClusterCenter"/>
<entry key="newColumn" type="xstring" value="name"/>
<entry key="removeInputColumn" type="xboolean" value="false"/>
<entry key="xpath" type="xstring" value="/dns:Cluster/@name"/>
<entry key="returnType" type="xstring" value="String"/>
<config key="nsPrefixes">
<entry key="array-size" type="xint" value="0"/>
</config>
<config key="namespaces">
<entry key="array-size" type="xint" value="0"/>
</config>
<entry key="useRootsNameSpace" type="xboolean" value="true"/>
<entry key="rootsNameSpacePrefix" type="xstring" value="dns"/>
<entry key="missingCellOnEmptySet" type="xboolean" value="false"/>
<entry key="missingCellOnEmptyString" type="xboolean" value="false"/>
<entry key="missingCellOnFalse" type="xboolean" value="false"/>
<entry key="valueOnInfinityOrNaN" type="xboolean" value="false"/>
<entry key="missingCellOnInfinityNaN" type="xboolean" value="true"/>
<entry key="defaultNumber" type="xdouble" value="0.0"/>
<entry key="xmlFragmentName" type="xstring" value="fragment"/>
</config>
<entry key="hasContent" type="xboolean" value="false"/>
<entry key="isInactive" type="xboolean" value="false"/>
<config key="ports">
<config key="port_1">
<entry key="index" type="xint" value="1"/>
<entry key="port_dir_location" type="xstring" isnull="true" value=""/>
</config>
</config>
<config key="filestores">
<entry key="file_store_location" type="xstring" isnull="true" value=""/>
<entry key="file_store_id" type="xstring" isnull="true" value=""/>
</config>
</config>
