<?xml version="1.0" encoding="UTF-8"?>
<config xmlns="http://www.knime.org/2008/09/XMLConfig" xmlns:xsi="http://www.w3.org/2001/XMLSchema-instance" xsi:schemaLocation="http://www.knime.org/2008/09/XMLConfig http://www.knime.org/XMLConfig_2008_09.xsd" key="settings.xml">
<entry key="name" type="xstring" value="Cell Splitter"/>
<config key="model">
<entry key="colName" type="xstring" value="Column"/>
<entry key="delimiter" type="xstring" value=" "/>
<entry key="guessNumOfCols" type="xboolean" value="true"/>
<entry key="numberOfCols" type="xint" value="6"/>
<entry key="quotePattern" type="xstring" isnull="true" value=""/>
<entry key="removeQuotes" type="xboolean" value="false"/>
<entry key="useEmptyString" type="xboolean" value="false"/>
<entry key="useEscapeCharacter" type="xboolean" value="false"/>
<entry key="outputAsList" type="xboolean" value="false"/>
<entry key="outputAsSet" type="xboolean" value="false"/>
<entry key="outputAsColumns" type="xboolean" value="true"/>
<entry key="removeWhitespaces" type="xboolean" value="true"/>
</config>
<entry key="hasContent" type="xboolean" value="false"/>
<entry key="isInactive" type="xboolean" value="false"/>
<config key="ports">
<config key="port_1">
<entry key="index" type="xint" value="1"/>
<entry key="port_dir_location" type="xstring" isnull="true" value=""/>
</config>
</config>
<config key="filestores">
<entry key="file_store_location" type="xstring" isnull="true" value=""/>
<entry key="file_store_id" type="xstring" isnull="true" value=""/>
</config>
</config>
