<?xml version="1.0" encoding="UTF-8"?>
<config xmlns="http://www.knime.org/2008/09/XMLConfig" xmlns:xsi="http://www.w3.org/2001/XMLSchema-instance" xsi:schemaLocation="http://www.knime.org/2008/09/XMLConfig http://www.knime.org/XMLConfig_2008_09.xsd" key="settings.xml">
<entry key="name" type="xstring" value="R Snippet (Local)"/>
<config key="model">
<config key="R_binary_file_Internals">
<entry key="SettingsModelID" type="xstring" value="SMID_string"/>
<entry key="EnabledStatus" type="xboolean" value="false"/>
</config>
<entry key="R_binary_file" type="xstring" value="C:\Users\rosy\knime_2.6.0_2012-07-13_03-28-55\plugins\org.knime.ext.r.bin.win32.x86_2.12.0\R-Inst\bin\i386\R.exe"/>
<config key="R_use_specified_file_Internals">
<entry key="SettingsModelID" type="xstring" value="SMID_boolean"/>
<entry key="EnabledStatus" type="xboolean" value="true"/>
</config>
<entry key="R_use_specified_file" type="xboolean" value="false"/>
<config key="R-arguments_Internals">
<entry key="SettingsModelID" type="xstring" value="SMID_string"/>
<entry key="EnabledStatus" type="xboolean" value="true"/>
</config>
<entry key="R-arguments" type="xstring" value="--vanilla"/>
<entry key="EXPRESSION" type="xstring" value="library(car)%%00010R&lt;-R%%00010model&lt;-lm(R$&quot;price&quot;~R$&quot;engine.size&quot;)%%00010edit(outlier.test(model))%%00010edit(summary(model))%%00010"/>
</config>
<entry key="hasContent" type="xboolean" value="false"/>
<entry key="isInactive" type="xboolean" value="false"/>
<config key="ports">
<config key="port_1">
<entry key="index" type="xint" value="1"/>
<entry key="port_dir_location" type="xstring" isnull="true" value=""/>
</config>
</config>
<config key="filestores">
<entry key="file_store_location" type="xstring" isnull="true" value=""/>
<entry key="file_store_id" type="xstring" isnull="true" value=""/>
</config>
</config>
