<?xml version="1.0" encoding="UTF-8"?>
<config xmlns="http://www.knime.org/2008/09/XMLConfig" xmlns:xsi="http://www.w3.org/2001/XMLSchema-instance" xsi:schemaLocation="http://www.knime.org/2008/09/XMLConfig http://www.knime.org/XMLConfig_2008_09.xsd" key="settings.xml">
<entry key="name" type="xstring" value="Column Rename"/>
<config key="model">
<config key="all_columns">
<config key="PMML">
<entry key="old_column_name" type="xstring" value="PMML"/>
<entry key="new_column_name" type="xstring" isnull="true" value=""/>
<entry key="new_column_type" type="xint" value="0"/>
</config>
<config key="ClusterCenter">
<entry key="old_column_name" type="xstring" value="ClusterCenter"/>
<entry key="new_column_name" type="xstring" isnull="true" value=""/>
<entry key="new_column_type" type="xint" value="0"/>
</config>
<config key="name">
<entry key="old_column_name" type="xstring" value="name"/>
<entry key="new_column_name" type="xstring" isnull="true" value=""/>
<entry key="new_column_type" type="xint" value="0"/>
</config>
<config key="size">
<entry key="old_column_name" type="xstring" value="size"/>
<entry key="new_column_name" type="xstring" isnull="true" value=""/>
<entry key="new_column_type" type="xint" value="0"/>
</config>
<config key="Column">
<entry key="old_column_name" type="xstring" value="Column"/>
<entry key="new_column_name" type="xstring" isnull="true" value=""/>
<entry key="new_column_type" type="xint" value="0"/>
</config>
<config key="Column_Arr[0]">
<entry key="old_column_name" type="xstring" value="Column_Arr[0]"/>
<entry key="new_column_name" type="xstring" value="age"/>
<entry key="new_column_type" type="xint" value="0"/>
</config>
<config key="Column_Arr[1]">
<entry key="old_column_name" type="xstring" value="Column_Arr[1]"/>
<entry key="new_column_name" type="xstring" value="capital-gain"/>
<entry key="new_column_type" type="xint" value="0"/>
</config>
<config key="Column_Arr[2]">
<entry key="old_column_name" type="xstring" value="Column_Arr[2]"/>
<entry key="new_column_name" type="xstring" value="capital-loss"/>
<entry key="new_column_type" type="xint" value="0"/>
</config>
<config key="Column_Arr[3]">
<entry key="old_column_name" type="xstring" value="Column_Arr[3]"/>
<entry key="new_column_name" type="xstring" value="hours-per-week"/>
<entry key="new_column_type" type="xint" value="0"/>
</config>
</config>
</config>
<entry key="hasContent" type="xboolean" value="false"/>
<entry key="isInactive" type="xboolean" value="false"/>
<config key="ports">
<config key="port_1">
<entry key="index" type="xint" value="1"/>
<entry key="port_dir_location" type="xstring" isnull="true" value=""/>
</config>
</config>
<config key="filestores">
<entry key="file_store_location" type="xstring" isnull="true" value=""/>
<entry key="file_store_id" type="xstring" isnull="true" value=""/>
</config>
</config>
