<?xml version="1.0" encoding="UTF-8"?>
<config xmlns="http://www.knime.org/2008/09/XMLConfig" xmlns:xsi="http://www.w3.org/2001/XMLSchema-instance" xsi:schemaLocation="http://www.knime.org/2008/09/XMLConfig http://www.knime.org/XMLConfig_2008_09.xsd" key="settings.xml">
<entry key="name" type="xstring" value="String Input"/>
<config key="model">
<entry key="label" type="xstring" value="Label"/>
<entry key="description" type="xstring" value="Enter Description"/>
<entry key="variableName" type="xstring" value="filepath"/>
<entry key="weight" type="xint" value="1"/>
<config key="value">
<entry key="value" type="xstring" value="C:/data/Course/data/sales"/>
</config>
</config>
<entry key="hasContent" type="xboolean" value="false"/>
<entry key="isInactive" type="xboolean" value="false"/>
<config key="ports">
<config key="port_1">
<entry key="index" type="xint" value="1"/>
<entry key="port_dir_location" type="xstring" isnull="true" value=""/>
</config>
</config>
</config>
