<?xml version="1.0" encoding="UTF-8"?>
<config xmlns="http://www.knime.org/2008/09/XMLConfig" xmlns:xsi="http://www.w3.org/2001/XMLSchema-instance" xsi:schemaLocation="http://www.knime.org/2008/09/XMLConfig http://www.knime.org/XMLConfig_2008_09.xsd" key="settings.xml">
<entry key="name" type="xstring" value="Data Generator"/>
<config key="model">
<entry key="stddeviation" type="xdouble" value="0.1"/>
<entry key="noise" type="xdouble" value="0.0"/>
<entry key="patcount" type="xint" value="100"/>
<entry key="seed" type="xint" value="-43803155"/>
<config key="clustercount">
<entry key="array-size" type="xint" value="1"/>
<entry key="0" type="xint" value="3"/>
</config>
<config key="unisize">
<entry key="array-size" type="xint" value="1"/>
<entry key="0" type="xint" value="2"/>
</config>
</config>
<entry key="hasContent" type="xboolean" value="false"/>
<entry key="isInactive" type="xboolean" value="false"/>
<config key="ports">
<config key="port_1">
<entry key="index" type="xint" value="1"/>
<entry key="port_dir_location" type="xstring" isnull="true" value=""/>
</config>
<config key="port_2">
<entry key="index" type="xint" value="2"/>
<entry key="port_dir_location" type="xstring" isnull="true" value=""/>
</config>
</config>
</config>
