"SSN","Cluster","Plot","LWN"
"icr005928",1,1,
"icr005929",1,1,
"icr005946",2,1,
"icr005947",2,1,
"icr005965",3,1,
"icr005966",3,1,
"icr005985",4,2,
"icr005986",4,2,
"icr005998",5,1,
"icr005999",5,1,
"icr006015",6,1,
"icr006016",6,1,
"icr006035",7,1,
"icr006036",7,1,
"icr006055",8,1,
"icr006056",8,1,
"icr006076",9,5,
"icr006077",9,5,
"icr006085",10,2,
"icr006086",10,2,
"icr006101",11,1,
"icr006102",11,1,
"icr006121",12,1,
"icr006122",12,1,
"icr006142",13,5,
"icr006143",13,5,
"icr006152",14,3,
"icr006153",14,3,
"icr006164",15,2,
"icr006165",15,2,
"icr006179",16,1,
"icr006180",16,1,
"icr006510",4,1,
"icr006550",6,1,
"icr006684",13,1,
"icr006744",16,1,
"icr007730",1,1,
"icr007731",1,1,
"icr007750",2,1,
"icr007751",2,1,
"icr007770",3,1,
"icr007771",3,1,
"icr007790",4,1,
"icr007791",4,1,
"icr007810",5,1,
"icr007811",5,1,
"icr007830",6,1,
"icr007831",6,1,
"icr007850",7,1,
"icr007851",7,1,
"icr007870",8,1,
"icr007871",8,1,
"icr007890",9,1,
"icr007891",9,1,
"icr007910",10,1,
"icr007911",10,1,
"icr007928",11,1,
"icr007929",11,1,
"icr007949",12,2,
"icr007950",12,2,
"icr007967",13,1,
"icr007968",13,1,
"icr007987",14,1,
"icr007988",14,1,
"icr008007",15,1,
"icr008008",15,1,
"icr008027",16,1,
"icr008028",16,1,
"icr009938",2,1,
"icr009978",4,1,
"icr010058",8,1,
"icr010078",9,1,
"icr010138",12,1,
"icr010198",15,1,
"icr010475",8,1,
"icr010515",10,1,
"icr010535",11,1,
"icr010575",13,1,
"icr010616",15,1,
"icr010687",1,1,
"icr010885",11,1,
"icr010945",14,1,
"icr010946",14,1,
"icr010965",15,1,
"icr010966",15,1,
"icr010985",16,1,
"icr010986",16,1,
"icr011241",12,1,
"icr011844",2,2,
"icr011901",5,1,
"icr011902",5,1,
"icr012063",14,1,
"icr012064",14,1,
"icr014408",1,1,
"icr014409",1,1,
"icr014428",2,1,
"icr014429",2,1,
"icr014448",3,1,
"icr014449",3,1,
"icr014468",4,1,
"icr014469",4,1,
"icr014488",5,1,
"icr014489",5,1,
"icr014508",6,1,
"icr014509",6,1,
"icr014528",7,1,
"icr014529",7,1,
"icr014548",8,1,
"icr014549",8,1,
"icr014568",9,1,
"icr014569",9,1,
"icr014588",10,1,
"icr014589",10,1,
"icr014608",11,2,
"icr014609",11,2,
"icr014628",12,1,
"icr014629",12,1,
"icr014648",13,1,
"icr014649",13,1,
"icr014668",14,1,
"icr014669",14,1,
"icr014688",15,1,
"icr014689",15,1,
"icr014708",16,1,
"icr014709",16,1,
"icr014743",1,1,
"icr014744",1,1,
"icr014763",2,1,
"icr014764",2,1,
"icr014783",3,1,
"icr014784",3,1,
"icr014803",4,1,
"icr014804",4,1,
"icr014823",5,1,
"icr014824",5,1,
"icr014843",6,1,
"icr014844",6,1,
"icr014863",7,2,
"icr014864",7,2,
"icr014883",8,1,
"icr014884",8,1,
"icr014903",9,1,
"icr014904",9,1,
"icr014923",10,2,
"icr014924",10,2,
"icr014943",11,1,
"icr014944",11,1,
"icr014963",12,1,
"icr014964",12,1,
"icr014983",13,2,
"icr014984",13,2,
"icr015003",14,1,
"icr015004",14,1,
"icr015023",15,1,
"icr015024",15,1,
"icr015043",16,1,
"icr015044",16,1,
"icr015064",1,1,
"icr015083",2,1,
"icr015103",3,1,
"icr015123",4,2,
"icr015177",7,1,
"icr015178",7,1,
"icr015199",8,1,
"icr015256",11,1,
"icr015316",14,1,
"icr015832",5,2,
"icr015912",9,1,
"icr021063",12,1,
"icr021141",16,1,
"icr023273",9,1,
"icr023353",13,1,
"icr023354",13,1,
"icr023373",14,1,
"icr023374",14,1,
"icr023393",15,1,
"icr023394",15,1,
"icr023413",16,1,
"icr023414",16,1,
"icr023593",9,1,
"icr023594",9,1,
"icr023713",15,1,
"icr024917",4,1,
"icr025009",9,5,
"icr025036",11,1,
"icr030043",2,1,
"icr030063",3,1,
"icr030084",4,1,
"icr030123",6,2,
"icr030218",11,1,
"icr030238",12,1,
"icr030258",13,1,
"icr030276",14,1,
"icr030316",16,1,
"icr030335",1,3,
"icr030368",3,7,
"icr030376",4,1,
"icr030377",4,1,
"icr030438",9,1,
"icr030439",9,1,
"icr030458",10,1,
"icr030494",12,1,
"icr030572",16,2,
"icr033372",2,1,
"icr033392",3,2,
"icr033427",6,1,
"icr033428",6,1,
"icr033448",7,1,
"icr033487",10,1,
"icr033545",14,1,
"icr033621",2,1,
"icr033697",6,1,
"icr033970",4,1,
"icr034110",11,1,
"icr034111",11,1,
"icr034210",16,1,
"icr034302",3,1,
"icr034461",11,2,
"icr034501",13,1,
"icr034522",14,1,
"icr034694",5,2,
"icr034734",7,1,
"icr037767",2,1,
"icr037843",5,9,
"icr037870",7,2,
"icr037908",9,1,
"icr038289",11,6,
"icr038351",15,1,
"icr041740",6,1,
"icr041819",10,1,
"icr041879",13,1,
"icr041935",16,1,
"icr042134",9,1,
"icr042170",11,1,
"icr042227",14,1,
"icr042810",2,2,
"icr042868",5,1,
"icr043011",12,4,
"icr043132",1,1,
"icr043172",3,1,
"icr043211",5,1,
"icr048468",2,1,
"icr048520",5,1,
"icr048602",10,1,
"icr048622",11,1,
"icr048793",5,1,
"icr048854",9,3,
"icr048912",13,1,
"icr048977",1,1,
"icr048978",1,1,
"icr048986",2,1,
"icr048992",2,6,
"icr048993",2,6,
"icr049022",5,1,
"icr049045",6,3,
"icr049177",1,1,
"icr049458",15,1,
"icr049796",16,1,
"icr049835",2,1,
"icr049954",8,1,
"icr050034",12,1,
"icr050174",3,1,
"icr050194",4,1,
"icr050334",11,1,
"icr054293",8,1,
"icr054344",11,1,
"icr054387",14,1,
"icr054550",8,5,
"icr054641",13,3,
"icr055961",5,1,
"icr056162",15,1,
"icr056200",1,1,
"icr056340",8,1,
"icr056400",11,1,
"icr056461",14,1,
"icr056480",15,1,
"icr062134",1,1,
"icr062353",12,1,
"icr062433",16,1,
"icr068539",7,1,
"icr068677",14,1,
"icr068718",16,1,
"icr072326",5,1,
"icr072445",11,1,
"icr072676",5,1,
"icr072696",6,1,
"icr072776",10,1,
"icr072816",12,1,
"icr073379",5,1,
"icr074911",15,1,
"icr075241",14,1,
"icr075281",16,1,
"icr075350",2,1,
"icr075391",4,2,
"icr075430",6,1,
"icr075469",8,1,
"icr075696",2,1,
"icr076444",6,1,
"icr076464",7,1,
