<?xml version="1.0" encoding="UTF-8"?>
<config xmlns="http://www.knime.org/2008/09/XMLConfig" xmlns:xsi="http://www.w3.org/2001/XMLSchema-instance" xsi:schemaLocation="http://www.knime.org/2008/09/XMLConfig http://www.knime.org/XMLConfig_2008_09.xsd" key="settings.xml">
<entry key="name" type="xstring" value="Normalizer"/>
<config key="model">
<entry key="mode" type="xint" value="1"/>
<entry key="newmin" type="xdouble" value="0.0"/>
<entry key="newmax" type="xdouble" value="1.0"/>
<config key="columns">
<entry key="array-size" type="xint" value="4"/>
<entry key="0" type="xstring" value="age"/>
<entry key="1" type="xstring" value="capital-gain"/>
<entry key="2" type="xstring" value="capital-loss"/>
<entry key="3" type="xstring" value="hours-per-week"/>
</config>
<entry key="all_numeric_columns_used" type="xboolean" value="true"/>
</config>
<entry key="hasContent" type="xboolean" value="false"/>
<entry key="isInactive" type="xboolean" value="false"/>
<config key="ports">
<config key="port_1">
<entry key="index" type="xint" value="1"/>
<entry key="port_dir_location" type="xstring" isnull="true" value=""/>
</config>
<config key="port_2">
<entry key="index" type="xint" value="2"/>
<entry key="port_dir_location" type="xstring" isnull="true" value=""/>
</config>
</config>
<config key="filestores">
<entry key="file_store_location" type="xstring" isnull="true" value=""/>
<entry key="file_store_id" type="xstring" isnull="true" value=""/>
</config>
</config>
