<?xml version="1.0" encoding="UTF-8"?>
<config xmlns="http://www.knime.org/2008/09/XMLConfig" xmlns:xsi="http://www.w3.org/2001/XMLSchema-instance" xsi:schemaLocation="http://www.knime.org/2008/09/XMLConfig http://www.knime.org/XMLConfig_2008_09.xsd" key="settings.xml">
<entry key="name" type="xstring" value="Partitioning"/>
<config key="model">
<entry key="method" type="xstring" value="Relative"/>
<entry key="samplingMethod" type="xstring" value="Stratified"/>
<entry key="fraction" type="xdouble" value="0.2"/>
<entry key="count" type="xint" value="100"/>
<entry key="random_seed" type="xstring" value="1279016424187"/>
<entry key="class_column" type="xstring" value="income"/>
</config>
<entry key="hasContent" type="xboolean" value="false"/>
<entry key="isInactive" type="xboolean" value="false"/>
<config key="ports">
<config key="port_1">
<entry key="index" type="xint" value="1"/>
<entry key="port_dir_location" type="xstring" isnull="true" value=""/>
</config>
<config key="port_2">
<entry key="index" type="xint" value="2"/>
<entry key="port_dir_location" type="xstring" isnull="true" value=""/>
</config>
</config>
</config>
