<?xml version="1.0" encoding="UTF-8"?>
<config xmlns="http://www.knime.org/2008/09/XMLConfig" xmlns:xsi="http://www.w3.org/2001/XMLSchema-instance" xsi:schemaLocation="http://www.knime.org/2008/09/XMLConfig http://www.knime.org/XMLConfig_2008_09.xsd" key="settings.xml">
<entry key="name" type="xstring" value="ARFF Writer"/>
<config key="model">
<entry key="ARFFoutput" type="xstring" value="/home/bioml/wiswedel/C:\data\Course\data\sales\results\sales_20120202_10.arff"/>
<entry key="overwriteOK" type="xboolean" value="false"/>
</config>
<config key="variables">
<config key="ARFFoutput">
<entry key="used_variable" type="xstring" value="filenamek"/>
<entry key="exposed_variable" type="xstring" isnull="true" value=""/>
</config>
</config>
<entry key="hasContent" type="xboolean" value="false"/>
<entry key="isInactive" type="xboolean" value="false"/>
<config key="ports"/>
</config>
