<?xml version="1.0" encoding="UTF-8"?>
<config xmlns="http://www.knime.org/2008/09/XMLConfig" xmlns:xsi="http://www.w3.org/2001/XMLSchema-instance" xsi:schemaLocation="http://www.knime.org/2008/09/XMLConfig http://www.knime.org/XMLConfig_2008_09.xsd" key="settings.xml">
<entry key="name" type="xstring" value="Table Creator"/>
<config key="model">
<config key="rowIndices">
<entry key="array-size" type="xint" value="10"/>
<entry key="0" type="xint" value="0"/>
<entry key="1" type="xint" value="0"/>
<entry key="2" type="xint" value="1"/>
<entry key="3" type="xint" value="1"/>
<entry key="4" type="xint" value="2"/>
<entry key="5" type="xint" value="2"/>
<entry key="6" type="xint" value="3"/>
<entry key="7" type="xint" value="3"/>
<entry key="8" type="xint" value="4"/>
<entry key="9" type="xint" value="4"/>
</config>
<config key="columnIndices">
<entry key="array-size" type="xint" value="10"/>
<entry key="0" type="xint" value="0"/>
<entry key="1" type="xint" value="1"/>
<entry key="2" type="xint" value="0"/>
<entry key="3" type="xint" value="1"/>
<entry key="4" type="xint" value="0"/>
<entry key="5" type="xint" value="1"/>
<entry key="6" type="xint" value="0"/>
<entry key="7" type="xint" value="1"/>
<entry key="8" type="xint" value="0"/>
<entry key="9" type="xint" value="1"/>
</config>
<config key="values">
<entry key="array-size" type="xint" value="10"/>
<entry key="0" type="xstring" value="Jan"/>
<entry key="1" type="xstring" value="January"/>
<entry key="2" type="xstring" value="Feb"/>
<entry key="3" type="xstring" value="February"/>
<entry key="4" type="xstring" value="Mar"/>
<entry key="5" type="xstring" value="March"/>
<entry key="6" type="xstring" value="Apr"/>
<entry key="7" type="xstring" value="April"/>
<entry key="8" type="xstring" value="May"/>
<entry key="9" type="xstring" value="May"/>
</config>
<entry key="rowIdPrefix" type="xstring" value="Row"/>
<entry key="rowIdSuffix" type="xstring" value=""/>
<entry key="rowIdStartValue" type="xint" value="1"/>
<entry key="highlightOutputTable" type="xboolean" value="false"/>
<config key="columnProperties">
<config key="0">
<entry key="UserSetValues" type="xboolean" value="true"/>
<entry key="MissValuePattern" type="xstring" value=""/>
<entry key="ReadPossValsFromFile" type="xboolean" value="false"/>
<entry key="SkipThisColumn" type="xboolean" value="false"/>
<entry key="ColumnName" type="xstring" value="month"/>
<config key="ColumnClass">
<entry key="cell_class" type="xstring" value="org.knime.core.data.def.StringCell"/>
<entry key="is_null" type="xboolean" value="false"/>
</config>
</config>
<config key="1">
<entry key="UserSetValues" type="xboolean" value="true"/>
<entry key="MissValuePattern" type="xstring" value=""/>
<entry key="ReadPossValsFromFile" type="xboolean" value="false"/>
<entry key="SkipThisColumn" type="xboolean" value="false"/>
<entry key="ColumnName" type="xstring" value="text"/>
<config key="ColumnClass">
<entry key="cell_class" type="xstring" value="org.knime.core.data.def.StringCell"/>
<entry key="is_null" type="xboolean" value="false"/>
</config>
</config>
</config>
</config>
<entry key="hasContent" type="xboolean" value="false"/>
<entry key="isInactive" type="xboolean" value="false"/>
<config key="ports">
<config key="port_1">
<entry key="index" type="xint" value="1"/>
<entry key="port_dir_location" type="xstring" isnull="true" value=""/>
</config>
</config>
<config key="filestores">
<entry key="file_store_location" type="xstring" isnull="true" value=""/>
<entry key="file_store_id" type="xstring" isnull="true" value=""/>
</config>
</config>
