<?xml version="1.0" encoding="UTF-8"?>
<config xmlns="http://www.knime.org/2008/09/XMLConfig" xmlns:xsi="http://www.w3.org/2001/XMLSchema-instance" xsi:schemaLocation="http://www.knime.org/2008/09/XMLConfig http://www.knime.org/XMLConfig_2008_09.xsd" key="settings.xml">
<entry key="name" type="xstring" value="Column Filter"/>
<config key="model">
<entry key="selectionOption" type="xstring" value="EnforceExclusion"/>
<config key="exclude">
<entry key="array-size" type="xint" value="47"/>
<entry key="0" type="xstring" value="values"/>
<entry key="1" type="xstring" value="values_Arr[2]"/>
<entry key="2" type="xstring" value="values_Arr[3]"/>
<entry key="3" type="xstring" value="values_Arr[4]"/>
<entry key="4" type="xstring" value="values_Arr[5]"/>
<entry key="5" type="xstring" value="values_Arr[6]"/>
<entry key="6" type="xstring" value="values_Arr[7]"/>
<entry key="7" type="xstring" value="values_Arr[8]"/>
<entry key="8" type="xstring" value="values_Arr[9]"/>
<entry key="9" type="xstring" value="values_Arr[10]"/>
<entry key="10" type="xstring" value="values_Arr[11]"/>
<entry key="11" type="xstring" value="values_Arr[12]"/>
<entry key="12" type="xstring" value="values_Arr[13]"/>
<entry key="13" type="xstring" value="values_Arr[14]"/>
<entry key="14" type="xstring" value="values_Arr[15]"/>
<entry key="15" type="xstring" value="values_Arr[16]"/>
<entry key="16" type="xstring" value="values_Arr[17]"/>
<entry key="17" type="xstring" value="values_Arr[18]"/>
<entry key="18" type="xstring" value="values_Arr[19]"/>
<entry key="19" type="xstring" value="values_Arr[20]"/>
<entry key="20" type="xstring" value="values_Arr[21]"/>
<entry key="21" type="xstring" value="values_Arr[22]"/>
<entry key="22" type="xstring" value="values_Arr[23]"/>
<entry key="23" type="xstring" value="values_Arr[24]"/>
<entry key="24" type="xstring" value="values_Arr[25]"/>
<entry key="25" type="xstring" value="values_Arr[26]"/>
<entry key="26" type="xstring" value="values_Arr[27]"/>
<entry key="27" type="xstring" value="values_Arr[28]"/>
<entry key="28" type="xstring" value="values_Arr[29]"/>
<entry key="29" type="xstring" value="values_Arr[30]"/>
<entry key="30" type="xstring" value="values_Arr[31]"/>
<entry key="31" type="xstring" value="values_Arr[32]"/>
<entry key="32" type="xstring" value="values_Arr[33]"/>
<entry key="33" type="xstring" value="values_Arr[34]"/>
<entry key="34" type="xstring" value="values_Arr[35]"/>
<entry key="35" type="xstring" value="values_Arr[36]"/>
<entry key="36" type="xstring" value="values_Arr[37]"/>
<entry key="37" type="xstring" value="values_Arr[38]"/>
<entry key="38" type="xstring" value="values_Arr[39]"/>
<entry key="39" type="xstring" value="values_Arr[40]"/>
<entry key="40" type="xstring" value="values_Arr[41]"/>
<entry key="41" type="xstring" value="values_Arr[42]"/>
<entry key="42" type="xstring" value="values_Arr[43]"/>
<entry key="43" type="xstring" value="values_Arr[44]"/>
<entry key="44" type="xstring" value="values_Arr[45]"/>
<entry key="45" type="xstring" value="values_Arr[46]"/>
<entry key="46" type="xstring" value="values_Arr[47]"/>
</config>
</config>
<entry key="hasContent" type="xboolean" value="false"/>
<entry key="isInactive" type="xboolean" value="false"/>
<config key="ports">
<config key="port_1">
<entry key="index" type="xint" value="1"/>
<entry key="port_dir_location" type="xstring" isnull="true" value=""/>
</config>
</config>
<config key="filestores">
<entry key="file_store_location" type="xstring" isnull="true" value=""/>
<entry key="file_store_id" type="xstring" isnull="true" value=""/>
</config>
</config>
