<?xml version="1.0" encoding="UTF-8"?>
<config xmlns="http://www.knime.org/2008/09/XMLConfig" xmlns:xsi="http://www.w3.org/2001/XMLSchema-instance" xsi:schemaLocation="http://www.knime.org/2008/09/XMLConfig http://www.knime.org/XMLConfig_2008_09.xsd" key="settings.xml">
<entry key="name" type="xstring" value="Row Filter"/>
<config key="model">
<config key="rowFilter">
<entry key="RowFilter_TypeID" type="xstring" value="StringComp_RowFilter"/>
<entry key="ColumnName" type="xstring" value="country"/>
<entry key="include" type="xboolean" value="true"/>
<entry key="CaseSensitive" type="xboolean" value="false"/>
<entry key="Pattern" type="xstring" value="USA"/>
<entry key="hasWildCards" type="xboolean" value="false"/>
<entry key="isRegExpr" type="xboolean" value="false"/>
</config>
</config>
<config key="variables">
<config key="rowFilter">
<config key="Pattern">
<entry key="used_variable" type="xstring" value="country"/>
<entry key="exposed_variable" type="xstring" isnull="true" value=""/>
</config>
</config>
</config>
<entry key="hasContent" type="xboolean" value="false"/>
<entry key="isInactive" type="xboolean" value="false"/>
<config key="ports">
<config key="port_1">
<entry key="index" type="xint" value="1"/>
<entry key="port_dir_location" type="xstring" isnull="true" value=""/>
</config>
</config>
<config key="filestores">
<entry key="file_store_location" type="xstring" isnull="true" value=""/>
<entry key="file_store_id" type="xstring" isnull="true" value=""/>
</config>
</config>
