<?xml version="1.0" encoding="UTF-8"?>
<config xmlns="http://www.knime.org/2008/09/XMLConfig" xmlns:xsi="http://www.w3.org/2001/XMLSchema-instance" xsi:schemaLocation="http://www.knime.org/2008/09/XMLConfig http://www.knime.org/XMLConfig_2008_09.xsd" key="settings.xml">
<entry key="name" type="xstring" value="Java IF (Table)"/>
<config key="model">
<entry key="expression" type="xstring" value="int output = -1;%%00013%%00010%%00013%%00010if($${IcurrentIteration}$$==0 || $${IcurrentIteration}$$==1)%%00013%%00010   output = 0;  //&quot;top&quot;;%%00013%%00010else if($${IcurrentIteration}$$==2 || $${IcurrentIteration}$$==3)%%00013%%00010   output = 1;  //&quot;bottom&quot;;%%00013%%00010%%00013%%00010return output;"/>
<entry key="header" type="xstring" value=""/>
<entry key="replaced_column" type="xstring" value="new variable"/>
<entry key="append_column" type="xboolean" value="false"/>
<entry key="test_compilation_on_dialog_close" type="xboolean" value="true"/>
<entry key="insert_missing_as_null" type="xboolean" value="true"/>
<entry key="return_type" type="xstring" value="java.lang.Integer"/>
<entry key="is_array_return" type="xboolean" value="false"/>
<config key="java_libraries"/>
<entry key="expression_version" type="xint" value="2"/>
<config key="imports"/>
</config>
<entry key="hasContent" type="xboolean" value="false"/>
<entry key="isInactive" type="xboolean" value="false"/>
<config key="ports">
<config key="port_1">
<entry key="index" type="xint" value="1"/>
<entry key="port_dir_location" type="xstring" isnull="true" value=""/>
</config>
<config key="port_2">
<entry key="index" type="xint" value="2"/>
<entry key="port_dir_location" type="xstring" isnull="true" value=""/>
</config>
</config>
<config key="filestores">
<entry key="file_store_location" type="xstring" isnull="true" value=""/>
<entry key="file_store_id" type="xstring" isnull="true" value=""/>
</config>
</config>
