<?xml version="1.0" encoding="UTF-8"?>
<config xmlns="http://www.knime.org/2008/09/XMLConfig" xmlns:xsi="http://www.w3.org/2001/XMLSchema-instance" xsi:schemaLocation="http://www.knime.org/2008/09/XMLConfig http://www.knime.org/XMLConfig_2008_09.xsd" key="settings.xml">
<entry key="name" type="xstring" value="Java Edit Variable"/>
<config key="model">
<entry key="scriptImports" type="xstring" value="// Your custom imports:%%00010"/>
<entry key="scriptFields" type="xstring" value="// Your custom variables:%%00010"/>
<entry key="scriptBody" type="xstring" value="// Enter your code here:%%00010%%00010out_newURL = &quot;C:/data/Course/sales_&quot; + v_country + &quot;.csv&quot;;%%00010%%00010"/>
<config key="jarFiles">
<entry key="array-size" type="xint" value="0"/>
</config>
<config key="outCols">
<entry key="array-size" type="xint" value="0"/>
</config>
<config key="outVars">
<entry key="array-size" type="xint" value="1"/>
<config key="0">
<entry key="Name" type="xstring" value="new URL"/>
<entry key="JavaName" type="xstring" value="out_newURL"/>
<entry key="JavaType" type="xstring" value="java.lang.String"/>
<entry key="Type" type="xstring" value="STRING"/>
<entry key="replaceExisting" type="xboolean" value="false"/>
</config>
</config>
<config key="inCols">
<entry key="array-size" type="xint" value="0"/>
</config>
<config key="inVars">
<entry key="array-size" type="xint" value="1"/>
<config key="0">
<entry key="Name" type="xstring" value="country"/>
<entry key="JavaName" type="xstring" value="v_country"/>
<entry key="JavaType" type="xstring" value="java.lang.String"/>
<entry key="Type" type="xstring" value="STRING"/>
</config>
</config>
<entry key="version" type="xstring" value="version 1.x"/>
<entry key="templateUUID" type="xstring" isnull="true" value=""/>
</config>
<entry key="hasContent" type="xboolean" value="false"/>
<entry key="isInactive" type="xboolean" value="false"/>
<config key="ports">
<config key="port_1">
<entry key="index" type="xint" value="1"/>
<entry key="port_dir_location" type="xstring" isnull="true" value=""/>
</config>
</config>
<config key="filestores">
<entry key="file_store_location" type="xstring" isnull="true" value=""/>
<entry key="file_store_id" type="xstring" isnull="true" value=""/>
</config>
</config>
