<?xml version="1.0" encoding="UTF-8"?>
<config xmlns="http://www.knime.org/2008/09/XMLConfig" xmlns:xsi="http://www.w3.org/2001/XMLSchema-instance" xsi:schemaLocation="http://www.knime.org/2008/09/XMLConfig http://www.knime.org/XMLConfig_2008_09.xsd" key="settings.xml">
<entry key="name" type="xstring" value="Column Rename"/>
<config key="model">
<config key="all_columns">
<config key="workclass">
<entry key="old_column_name" type="xstring" value="workclass"/>
<entry key="new_column_name" type="xstring" value="work_group"/>
<entry key="new_column_type" type="xint" value="0"/>
</config>
<config key="education">
<entry key="old_column_name" type="xstring" value="education"/>
<entry key="new_column_name" type="xstring" isnull="true" value=""/>
<entry key="new_column_type" type="xint" value="0"/>
</config>
<config key="Mean(capital-loss)">
<entry key="old_column_name" type="xstring" value="Mean(capital-loss)"/>
<entry key="new_column_name" type="xstring" isnull="true" value=""/>
<entry key="new_column_type" type="xint" value="0"/>
</config>
<config key="Count(age)">
<entry key="old_column_name" type="xstring" value="Count(age)"/>
<entry key="new_column_name" type="xstring" isnull="true" value=""/>
<entry key="new_column_type" type="xint" value="0"/>
</config>
</config>
</config>
<config key="variables">
<config key="all_columns">
<config key="workclass">
<config key="new_column_name">
<entry key="used_variable" type="xstring" value="new_name"/>
<entry key="exposed_variable" type="xstring" isnull="true" value=""/>
</config>
</config>
</config>
</config>
<entry key="hasContent" type="xboolean" value="false"/>
<entry key="isInactive" type="xboolean" value="false"/>
<config key="ports">
<config key="port_1">
<entry key="index" type="xint" value="1"/>
<entry key="port_dir_location" type="xstring" isnull="true" value=""/>
</config>
</config>
<config key="filestores">
<entry key="file_store_location" type="xstring" isnull="true" value=""/>
<entry key="file_store_id" type="xstring" isnull="true" value=""/>
</config>
</config>
