<?xml version="1.0" encoding="UTF-8"?>
<config xmlns="http://www.knime.org/2008/09/XMLConfig" xmlns:xsi="http://www.w3.org/2001/XMLSchema-instance" xsi:schemaLocation="http://www.knime.org/2008/09/XMLConfig http://www.knime.org/XMLConfig_2008_09.xsd" key="settings.xml">
<entry key="name" type="xstring" value="R View (Local)"/>
<config key="model">
<config key="R_binary_file_Internals">
<entry key="SettingsModelID" type="xstring" value="SMID_string"/>
<entry key="EnabledStatus" type="xboolean" value="false"/>
</config>
<entry key="R_binary_file" type="xstring" value="C:\Users\rosy\knime_2.6.0_2012-07-13_03-28-55\plugins\org.knime.ext.r.bin.win32.x86_2.12.0\R-Inst\bin\i386\R.exe"/>
<config key="R_use_specified_file_Internals">
<entry key="SettingsModelID" type="xstring" value="SMID_boolean"/>
<entry key="EnabledStatus" type="xboolean" value="true"/>
</config>
<entry key="R_use_specified_file" type="xboolean" value="false"/>
<config key="R-arguments_Internals">
<entry key="SettingsModelID" type="xstring" value="SMID_string"/>
<entry key="EnabledStatus" type="xboolean" value="true"/>
</config>
<entry key="R-arguments" type="xstring" value="--vanilla"/>
<config key="R-png-height_Internals">
<entry key="SettingsModelID" type="xstring" value="SMID_integer"/>
<entry key="EnabledStatus" type="xboolean" value="true"/>
</config>
<entry key="R-png-height" type="xint" value="640"/>
<config key="R-png-width_Internals">
<entry key="SettingsModelID" type="xstring" value="SMID_integer"/>
<entry key="EnabledStatus" type="xboolean" value="true"/>
</config>
<entry key="R-png-width" type="xint" value="640"/>
<config key="R-png-resolution_Internals">
<entry key="SettingsModelID" type="xstring" value="SMID_string"/>
<entry key="EnabledStatus" type="xboolean" value="true"/>
</config>
<entry key="R-png-resolution" type="xstring" value="NA"/>
<config key="R-png-pointSize_Internals">
<entry key="SettingsModelID" type="xstring" value="SMID_integer"/>
<entry key="EnabledStatus" type="xboolean" value="true"/>
</config>
<entry key="R-png-pointSize" type="xint" value="12"/>
<config key="R-bg-col_Internals">
<entry key="SettingsModelID" type="xstring" value="SMID_string"/>
<entry key="EnabledStatus" type="xboolean" value="true"/>
</config>
<entry key="R-bg-col" type="xstring" value="#FFFFFF"/>
<entry key="EXPRESSION" type="xstring" value="# Set Graphical Parameters%%00010par(las=1,col.axis=&quot;blue&quot;, sub) %%00010prices&lt;-t(format(R[3]))%%00010%%00010# Set colouring Scheme%%00010col &lt;- colours()%%00010%%00010# Bar Plot%%00010R&lt;-t(R[1:2])%%00010graph&lt;-barplot(R, beside = TRUE,%%00010        col = c(&quot;lightblue&quot;, &quot;mistyrose&quot;),%%00010        legend =  c(&quot;Average City MPG&quot;,&quot;Average Highway MPG&quot;), %%00010        ylim= c(0,40), %%00010%%00009main = &quot;Fuel Efficiency&quot;, %%00010        font.main = 4)%%00010%%00010# Labels %%00010mtext(side = 1, at = colMeans(graph), line = 2, %%00010      text = paste(&quot;Average Price&quot;), col = &quot;black&quot;)%%00010mtext(side = 1, at = colMeans(graph), line = 3, %%00010      text = paste(&quot;$&quot;, prices), col = &quot;black&quot;)"/>
<config key="R_View_Internals">
<entry key="SettingsModelID" type="xstring" value="SMID_string"/>
<entry key="EnabledStatus" type="xboolean" value="true"/>
</config>
<entry key="R_View" type="xstring" value="Bar Plots"/>
</config>
<entry key="hasContent" type="xboolean" value="false"/>
<entry key="isInactive" type="xboolean" value="false"/>
<config key="ports">
<config key="port_1">
<entry key="index" type="xint" value="1"/>
<entry key="port_dir_location" type="xstring" isnull="true" value=""/>
</config>
</config>
<config key="filestores">
<entry key="file_store_location" type="xstring" isnull="true" value=""/>
<entry key="file_store_id" type="xstring" isnull="true" value=""/>
</config>
</config>
