<?xml version="1.0" encoding="UTF-8"?>
<config xmlns="http://www.knime.org/2008/09/XMLConfig" xmlns:xsi="http://www.w3.org/2001/XMLSchema-instance" xsi:schemaLocation="http://www.knime.org/2008/09/XMLConfig http://www.knime.org/XMLConfig_2008_09.xsd" key="settings.xml">
<entry key="name" type="xstring" value="Java Snippet"/>
<config key="model">
<entry key="scriptImports" type="xstring" value="// Your custom imports:%%00010"/>
<entry key="scriptFields" type="xstring" value="// Your custom variables:%%00010"/>
<entry key="scriptBody" type="xstring" value="// Enter your code here:%%00010%%00010for (Integer i : c_ListInte) {%%00010  if (i != null) {%%00010    out_sum = out_sum + i;%%00010  }%%00010}%%00010 "/>
<config key="jarFiles">
<entry key="array-size" type="xint" value="0"/>
</config>
<config key="outCols">
<entry key="array-size" type="xint" value="1"/>
<config key="0">
<entry key="Name" type="xstring" value="sum"/>
<entry key="JavaName" type="xstring" value="out_sum"/>
<entry key="JavaType" type="xstring" value="java.lang.Integer"/>
<config key="Type">
<entry key="cell_class" type="xstring" value="org.knime.core.data.def.IntCell"/>
<entry key="is_null" type="xboolean" value="false"/>
</config>
<entry key="replaceExisting" type="xboolean" value="false"/>
</config>
</config>
<config key="outVars">
<entry key="array-size" type="xint" value="0"/>
</config>
<config key="inCols">
<entry key="array-size" type="xint" value="1"/>
<config key="0">
<entry key="Name" type="xstring" value="List(Integer 2)"/>
<entry key="JavaName" type="xstring" value="c_ListInte"/>
<entry key="JavaType" type="xstring" value="[Ljava.lang.Integer;"/>
<config key="Type">
<config key="collection_element_type">
<entry key="cell_class" type="xstring" value="org.knime.core.data.def.IntCell"/>
</config>
<entry key="cell_class" type="xstring" value="org.knime.core.data.collection.ListCell"/>
<entry key="is_null" type="xboolean" value="false"/>
</config>
</config>
</config>
<config key="inVars">
<entry key="array-size" type="xint" value="0"/>
</config>
<entry key="version" type="xstring" value="version 1.x"/>
<entry key="templateUUID" type="xstring" isnull="true" value=""/>
</config>
<entry key="hasContent" type="xboolean" value="false"/>
<entry key="isInactive" type="xboolean" value="false"/>
<config key="ports">
<config key="port_1">
<entry key="index" type="xint" value="1"/>
<entry key="port_dir_location" type="xstring" isnull="true" value=""/>
</config>
</config>
<config key="filestores">
<entry key="file_store_location" type="xstring" isnull="true" value=""/>
<entry key="file_store_id" type="xstring" isnull="true" value=""/>
</config>
</config>
