<?xml version="1.0" encoding="UTF-8"?>
<config xmlns="http://www.knime.org/2008/09/XMLConfig" xmlns:xsi="http://www.w3.org/2001/XMLSchema-instance" xsi:schemaLocation="http://www.knime.org/2008/09/XMLConfig http://www.knime.org/XMLConfig_2008_09.xsd" key="settings.xml">
<entry key="name" type="xstring" value="Rule Engine"/>
<config key="model">
<config key="rules">
<entry key="array-size" type="xint" value="3"/>
<entry key="0" type="xstring" value="$Iteration$&gt;=10   =&gt; &quot;Michael&quot;"/>
<entry key="1" type="xstring" value="$Iteration$&lt;=4  =&gt; &quot;Maria&quot;"/>
<entry key="2" type="xstring" value="$Iteration$ &gt;4  AND $Iteration$&lt;10  =&gt; &quot;Jay&quot;"/>
</config>
<entry key="default-label" type="xstring" value="unknown"/>
<entry key="defaultLabelIsColumn" type="xboolean" value="false"/>
<entry key="new-column-name" type="xstring" value="teacher"/>
</config>
<entry key="hasContent" type="xboolean" value="false"/>
<entry key="isInactive" type="xboolean" value="false"/>
<config key="ports">
<config key="port_1">
<entry key="index" type="xint" value="1"/>
<entry key="port_dir_location" type="xstring" isnull="true" value=""/>
</config>
</config>
</config>
