<?xml version="1.0" encoding="UTF-8"?>
<config xmlns="http://www.knime.org/2008/09/XMLConfig" xmlns:xsi="http://www.w3.org/2001/XMLSchema-instance" xsi:schemaLocation="http://www.knime.org/2008/09/XMLConfig http://www.knime.org/XMLConfig_2008_09.xsd" key="settings.xml">
<entry key="name" type="xstring" value="Joiner"/>
<config key="model">
<entry key="duplicateHandling" type="xstring" value="AppendSuffix"/>
<entry key="compositionMode" type="xstring" value="MatchAll"/>
<entry key="joinMode" type="xstring" value="InnerJoin"/>
<config key="leftTableJoinPredicate">
<entry key="array-size" type="xint" value="1"/>
<entry key="0" type="xstring" value="name"/>
</config>
<config key="rightTableJoinPredicate">
<entry key="array-size" type="xint" value="1"/>
<entry key="0" type="xstring" value="Cluster"/>
</config>
<entry key="suffix" type="xstring" value="(*)"/>
<config key="leftIncludeCols">
<entry key="array-size" type="xint" value="9"/>
<entry key="0" type="xstring" value="PMML"/>
<entry key="1" type="xstring" value="ClusterCenter"/>
<entry key="2" type="xstring" value="name"/>
<entry key="3" type="xstring" value="size"/>
<entry key="4" type="xstring" value="Column"/>
<entry key="5" type="xstring" value="age"/>
<entry key="6" type="xstring" value="capital-gain"/>
<entry key="7" type="xstring" value="capital-loss"/>
<entry key="8" type="xstring" value="hours-per-week"/>
</config>
<config key="rightIncludeCols">
<entry key="array-size" type="xint" value="5"/>
<entry key="0" type="xstring" value="Cluster"/>
<entry key="1" type="xstring" value="Standard deviation(age)"/>
<entry key="2" type="xstring" value="Standard deviation(capital-gain)"/>
<entry key="3" type="xstring" value="Standard deviation(capital-loss)"/>
<entry key="4" type="xstring" value="Standard deviation(hours-per-week)"/>
</config>
<entry key="leftIncludeAll" type="xboolean" value="true"/>
<entry key="rightIncludeAll" type="xboolean" value="true"/>
<entry key="rmLeftJoinCols" type="xboolean" value="true"/>
<entry key="rmRightJoinCols" type="xboolean" value="false"/>
<entry key="maxOpenFiles" type="xint" value="200"/>
<entry key="rowKeySeparator" type="xstring" value="_"/>
<entry key="enableHiLite" type="xboolean" value="false"/>
<entry key="numBitsInitial" type="xint" value="6"/>
<entry key="numBitsMaximal" type="xint" value="32"/>
<entry key="usedMemoryThreshold" type="xdouble" value="0.85"/>
<entry key="minAvailableMemory" type="xlong" value="10000000"/>
<entry key="memUseCollectionUsage" type="xboolean" value="true"/>
</config>
<entry key="hasContent" type="xboolean" value="false"/>
<entry key="isInactive" type="xboolean" value="false"/>
<config key="ports">
<config key="port_1">
<entry key="index" type="xint" value="1"/>
<entry key="port_dir_location" type="xstring" isnull="true" value=""/>
</config>
</config>
<config key="filestores">
<entry key="file_store_location" type="xstring" isnull="true" value=""/>
<entry key="file_store_id" type="xstring" isnull="true" value=""/>
</config>
</config>
