<?xml version="1.0" encoding="UTF-8"?>
<config xmlns="http://www.knime.org/2008/09/XMLConfig" xmlns:xsi="http://www.w3.org/2001/XMLSchema-instance" xsi:schemaLocation="http://www.knime.org/2008/09/XMLConfig http://www.knime.org/XMLConfig_2008_09.xsd" key="settings.xml">
<entry key="name" type="xstring" value="Java Snippet"/>
<config key="model">
<entry key="scriptImports" type="xstring" value="// Your custom imports:%%00010"/>
<entry key="scriptFields" type="xstring" value="// Your custom variables:%%00010Integer lastValid = null;%%00010"/>
<entry key="scriptBody" type="xstring" value="// Enter your code here:%%00010%%00010if (c_Integer2 == null) {%%00010  out_rowdif =  null;%%00010} else if (lastValid == null) {%%00010  lastValid = c_Integer2;%%00010  out_rowdif =  0;%%00010} else {%%00010  Integer diff = c_Integer2 - lastValid;%%00010  lastValid = c_Integer2;%%00010  if (diff &lt; 0) {%%00010    throw new Abort(%%00010      &quot;Table not sorted in row &quot; + ROWINDEX);%%00010  }%%00010}%%00010%%00010%%00010"/>
<config key="jarFiles">
<entry key="array-size" type="xint" value="0"/>
</config>
<config key="outCols">
<entry key="array-size" type="xint" value="1"/>
<config key="0">
<entry key="Name" type="xstring" value="row difference"/>
<entry key="JavaName" type="xstring" value="out_rowdif"/>
<entry key="JavaType" type="xstring" value="java.lang.Integer"/>
<config key="Type">
<entry key="cell_class" type="xstring" value="org.knime.core.data.def.IntCell"/>
<entry key="is_null" type="xboolean" value="false"/>
</config>
<entry key="replaceExisting" type="xboolean" value="false"/>
</config>
</config>
<config key="outVars">
<entry key="array-size" type="xint" value="0"/>
</config>
<config key="inCols">
<entry key="array-size" type="xint" value="1"/>
<config key="0">
<entry key="Name" type="xstring" value="Integer 2"/>
<entry key="JavaName" type="xstring" value="c_Integer2"/>
<entry key="JavaType" type="xstring" value="java.lang.Integer"/>
<config key="Type">
<entry key="cell_class" type="xstring" value="org.knime.core.data.def.IntCell"/>
<entry key="is_null" type="xboolean" value="false"/>
</config>
</config>
</config>
<config key="inVars">
<entry key="array-size" type="xint" value="0"/>
</config>
<entry key="version" type="xstring" value="version 1.x"/>
<entry key="templateUUID" type="xstring" isnull="true" value=""/>
</config>
<entry key="hasContent" type="xboolean" value="false"/>
<entry key="isInactive" type="xboolean" value="false"/>
<config key="ports">
<config key="port_1">
<entry key="index" type="xint" value="1"/>
<entry key="port_dir_location" type="xstring" isnull="true" value=""/>
</config>
</config>
<config key="filestores">
<entry key="file_store_location" type="xstring" isnull="true" value=""/>
<entry key="file_store_id" type="xstring" isnull="true" value=""/>
</config>
</config>
