<?xml version="1.0" encoding="UTF-8"?>
<config xmlns="http://www.knime.org/2008/09/XMLConfig" xmlns:xsi="http://www.w3.org/2001/XMLSchema-instance" xsi:schemaLocation="http://www.knime.org/2008/09/XMLConfig http://www.knime.org/XMLConfig_2008_09.xsd" key="settings.xml">
<entry key="name" type="xstring" value="k-Means"/>
<config key="model">
<config key="nrClusters_Internals">
<entry key="SettingsModelID" type="xstring" value="SMID_integer"/>
<entry key="EnabledStatus" type="xboolean" value="true"/>
</config>
<entry key="nrClusters" type="xint" value="10"/>
<config key="maxNrIterations_Internals">
<entry key="SettingsModelID" type="xstring" value="SMID_integer"/>
<entry key="EnabledStatus" type="xboolean" value="true"/>
</config>
<entry key="maxNrIterations" type="xint" value="99"/>
<config key="cfgColmns_Internals">
<entry key="SettingsModelID" type="xstring" value="SMID_filterString"/>
<entry key="EnabledStatus" type="xboolean" value="true"/>
</config>
<config key="cfgColmns">
<config key="InclList">
<entry key="array-size" type="xint" value="13"/>
<entry key="0" type="xstring" value="Alcohol"/>
<entry key="1" type="xstring" value="Malic acid"/>
<entry key="2" type="xstring" value="Ash"/>
<entry key="3" type="xstring" value="Alcalinity of ash"/>
<entry key="4" type="xstring" value="Magnesium"/>
<entry key="5" type="xstring" value="Total phenols"/>
<entry key="6" type="xstring" value="Flavanoids"/>
<entry key="7" type="xstring" value="Nonflavanoids phenols"/>
<entry key="8" type="xstring" value="Proanthocyanins"/>
<entry key="9" type="xstring" value="Color intensity"/>
<entry key="10" type="xstring" value="Hue"/>
<entry key="11" type="xstring" value="OD280/OD315 of diluted wines"/>
<entry key="12" type="xstring" value="Proline"/>
</config>
<config key="ExclList">
<entry key="array-size" type="xint" value="0"/>
</config>
<entry key="keep_all_columns_selected" type="xboolean" value="false"/>
</config>
</config>
<config key="variables">
<config key="nrClusters">
<entry key="used_variable" type="xstring" value="no_clusters_form"/>
<entry key="exposed_variable" type="xstring" isnull="true" value=""/>
</config>
</config>
<entry key="hasContent" type="xboolean" value="false"/>
<entry key="isInactive" type="xboolean" value="false"/>
<config key="ports">
<config key="port_1">
<entry key="index" type="xint" value="1"/>
<entry key="port_dir_location" type="xstring" isnull="true" value=""/>
</config>
<config key="port_2">
<entry key="index" type="xint" value="2"/>
<entry key="port_dir_location" type="xstring" isnull="true" value=""/>
</config>
</config>
<config key="filestores">
<entry key="file_store_location" type="xstring" isnull="true" value=""/>
<entry key="file_store_id" type="xstring" isnull="true" value=""/>
</config>
</config>
